fid,id,NDVI_mean,NDVI_stdev,NDVI_variance
"1","1",0.182034790365323,0.0841278397803183,0.00707749342610291
"2","2",0.139793680095801,0.0537297357593088,0.00288688450476515
