fid,id,NDVI_mean,NDVI_stdev,NDVI_variance
"1","1",0.692624653575149,0.19080391117175,0.0364061325184372
"2","2",0.703893314640777,0.187673905559318,0.0352214948278878
