fid,id,NDVI_mean,NDVI_stdev,NDVI_variance
"1","1",0.703049740940807,0.0570538479815172,0.00325514156949807
"2","2",0.659412219273407,0.0894917649198858,0.0080087759884761
