fid,id,NDVI_mean,NDVI_stdev,NDVI_variance
"1","1",0.696805602630789,0.0648750706185953,0.00420877478776773
"2","2",0.662593551668297,0.0995743539162973,0.00991505195784804
