fid,id,NDVI_mean,NDVI_stdev,NDVI_variance
"1","1",0.310734619278008,0.0871391212138997,0.0075932264459307
"2","2",0.287693489960933,0.0638860752903603,0.00408143061600558
