fid,id,ringId,distance,NDVI_mean,NDVI_stdev,NDVI_variance
"2",1,"2",20,0.592354063520308,0.221607279647982,0.0491097863929788
"6",2,"2",20,0.763528065372478,0.0653817998696851,0.00427477975419956
