fid,id,NDVI_mean,NDVI_stdev,NDVI_variance
"1","1",0.0835701830858243,0.0397533482470879,0.00158032869685425
"2","2",0.0552525993784418,0.018278289442481,0.000334095864943113
