fid,id,NDVI_mean,NDVI_stdev,NDVI_variance
"1","1",0.127325518896594,0.0121503259442068,0.000147630420550465
