fid,id,NDVI_mean,NDVI_stdev,NDVI_variance
"1","1",0.266573478431391,0.0346922258007087,0.00120355053100736
