fid,id,NDVI_mean,NDVI_stdev,NDVI_variance
"1","1",0.58240563414506,0.0624722345339216,0.00390278008766131
