fid,id,NDVI_mean,NDVI_stdev,NDVI_variance
"1","1",0.417244667061687,0.0358713349850487,0.00128675267360958
