fid,id,NDVI_mean,NDVI_stdev,NDVI_variance
"1","1",0.127121936212454,0.0274176624638785,0.000751728214983173
