fid,id,NDVI_mean,NDVI_stdev,NDVI_variance
"1","1",0.530062795919779,0.0364112900416929,0.00132578204250029
