fid,id,ringId,distance,NDVI_mean,NDVI_stdev,NDVI_variance
"2","1","2",20,0.0312585675005639,0.0179282141208108,0.000321420861561641
