fid,id,NDVI_mean,NDVI_stdev,NDVI_variance
"1","1",0.349677006574148,0.0484963774280194,0.00235189862364091
