fid,id,ringId,distance,NDVI_mean,NDVI_stdev,NDVI_variance
"2","1","2",20,0.702095612199483,0.119953370097758,0.0143888109978097
