fid,id,NDVI_mean,NDVI_stdev,NDVI_variance
"1","1",0.736649361291157,0.0581403296707587,0.0033802979342245
