fid,id,ringId,distance,NDVI_mean,NDVI_stdev,NDVI_variance
"2","1","2",20,0.0703451244156815,0.0218155658137669,0.000475918911774796
