fid,id,NDVI_mean,NDVI_stdev,NDVI_variance
"1","1",0.569967449606744,0.0603988264059415,0.00364801823121506
