fid,id,ringId,distance,NDVI_mean,NDVI_stdev,NDVI_variance
"2","1","2",20,0.780031575116807,0.0520890847808196,0.00271327275330341
