fid,id,ringId,distance,NDVI_mean,NDVI_stdev,NDVI_variance
"2","1","2",20,0.254226178912346,0.0734969302040767,0.00540179874942292
