fid,id,NDVI_mean,NDVI_stdev,NDVI_variance
"1","1",0.0881991489138854,0.0313542753214713,0.000983090580934623
