fid,id,ringId,distance,NDVI_mean,NDVI_stdev,NDVI_variance
"2","1","2",20,0.552308925135645,0.0698937540908164,0.00488513686090751
