fid,id,NDVI_mean,NDVI_stdev,NDVI_variance
"1","1",0.801387962097774,0.021323251208317,0.000454681042092992
