fid,id,NDVI_mean,NDVI_stdev,NDVI_variance
"1","1",0.0660929265092307,0.0370093475967373,0.00136969180953612
