fid,id,NDVI_mean,NDVI_stdev,NDVI_variance
"1","1",0.0871369837840307,0.0640050108125467,0.00409664140911422
"2","2",0.21738695481775,0.103835729957641,0.0107818588158361
