fid,id,NDVI_mean,NDVI_stdev,NDVI_variance
"1","1",0.249306385311149,0.0821401059910181,0.00674699701221568
"2","2",0.323473048464319,0.130980341045506,0.017155849740397
