fid,id,NDVI_mean,NDVI_stdev,NDVI_variance
"1","1",0.611036049369406,0.08829328088174,0.00779570344886183
"2","2",0.705517536431546,0.10996444032531,0.0120921781360587
