fid,id,NDVI_mean,NDVI_stdev,NDVI_variance
"1","1",0.60163640459818,0.0653437471496386,0.0042698052915559
"2","2",0.701663291258065,0.0661330022670436,0.00437357398885279
