fid,id,NDVI_mean,NDVI_stdev,NDVI_variance
"1","1",0.555488597777516,0.066173155497843,0.0043788865085417
"2","2",0.754480959207636,0.0965512448999338,0.00932214289172699
