fid,id,NDVI_mean,NDVI_stdev,NDVI_variance
"1","1",0.0579607896094763,0.038516113947204,0.001483491033594
"2","2",0.100242345288352,0.0783547162444103,0.00613946155774206
